{
  "backtest.py": 1774169643.331556,
  "features.py": 1774169473.181619,
  "ingest.py": 1774159972.5332925,
  "main.py": 1774235900.590937,
  "predict.py": 1774098936.394507,
  "train.py": 1774169648.2281003,
  "README.md": 1776099738.9667454,
  "requirements.txt": 1774201192.5883548
}